Peptide,Protein,numFragments,20170901_CalCurves_YeastCurve_A_1ug-ul_BY4741_025.mzML,20170901_CalCurves_YeastCurve_A_1ug-ul_BY4741_101.mzML,20170901_CalCurves_YeastCurve_A_1ug-ul_BY4741_166.mzML,20170901_CalCurves_YeastCurve_B_0-7ug-ul_BY4741_024.mzML,20170901_CalCurves_YeastCurve_B_0-7ug-ul_BY4741_099.mzML,20170901_CalCurves_YeastCurve_B_0-7ug-ul_BY4741_165.mzML,20170901_CalCurves_YeastCurve_C_0-5ug-ul_BY4741_023.mzML,20170901_CalCurves_YeastCurve_C_0-5ug-ul_BY4741_098.mzML,20170901_CalCurves_YeastCurve_C_0-5ug-ul_BY4741_164.mzML,20170901_CalCurves_YeastCurve_D_0-3ug-ul_BY4741_022.mzML,20170901_CalCurves_YeastCurve_D_0-3ug-ul_BY4741_097.mzML,20170901_CalCurves_YeastCurve_D_0-3ug-ul_BY4741_163.mzML,20170901_CalCurves_YeastCurve_E_0-1ug-ul_BY4741_020.mzML,20170901_CalCurves_YeastCurve_E_0-1ug-ul_BY4741_095.mzML,20170901_CalCurves_YeastCurve_E_0-1ug-ul_BY4741_161.mzML,20170901_CalCurves_YeastCurve_H_0-03ug-ul_BY4741_017.mzML,20170901_CalCurves_YeastCurve_H_0-03ug-ul_BY4741_092.mzML,20170901_CalCurves_YeastCurve_H_0-03ug-ul_BY4741_158.mzML,20170901_CalCurves_YeastCurve_I_0-01ug-ul_BY4741_016.mzML,20170901_CalCurves_YeastCurve_I_0-01ug-ul_BY4741_091.mzML,20170901_CalCurves_YeastCurve_I_0-01ug-ul_BY4741_157.mzML,20170901_CalCurves_YeastCurve_J_0-007ug-ul_BY4741_014.mzML,20170901_CalCurves_YeastCurve_J_0-007ug-ul_BY4741_089.mzML,20170901_CalCurves_YeastCurve_J_0-007ug-ul_BY4741_155.mzML,20170901_CalCurves_YeastCurve_K_0-005ug-ul_BY4741_013.mzML,20170901_CalCurves_YeastCurve_K_0-005ug-ul_BY4741_088.mzML,20170901_CalCurves_YeastCurve_K_0-005ug-ul_BY4741_154.mzML,20170901_CalCurves_YeastCurve_L_0-003ug-ul_BY4741_012.mzML,20170901_CalCurves_YeastCurve_L_0-003ug-ul_BY4741_087.mzML,20170901_CalCurves_YeastCurve_L_0-003ug-ul_BY4741_153.mzML,20170901_CalCurves_YeastCurve_M_0-001ug-ul_BY4741_011.mzML,20170901_CalCurves_YeastCurve_M_0-001ug-ul_BY4741_086.mzML,20170901_CalCurves_YeastCurve_M_0-001ug-ul_BY4741_152.mzML,20170901_CalCurves_YeastCurve_N_0ug-ul_BY4741_010.mzML,20170901_CalCurves_YeastCurve_N_0ug-ul_BY4741_085.mzML,20170901_CalCurves_YeastCurve_N_0ug-ul_BY4741_151.mzML,20170901_Calcurves_YeastCurve_F_0-07ug-ul_BY4741_019.mzML,20170901_Calcurves_YeastCurve_F_0-07ug-ul_BY4741_094.mzML,20170901_Calcurves_YeastCurve_F_0-07ug-ul_BY4741_160.mzML,20170901_Calcurves_YeastCurve_G_0-05ug-ul_BY4741_018.mzML,20170901_Calcurves_YeastCurve_G_0-05ug-ul_BY4741_093.mzML,20170901_Calcurves_YeastCurve_G_0-05ug-ul_BY4741_159.mzML
DDTAQTVSEAR,sp|P05030|PMA1_YEAST,5,1.50E+07,1.51E+07,1.30E+07,1.48E+07,1.01E+07,1.35E+07,7744250.5,7270129.5,6329029.5,4502537,3921876,4751570,1282782.5,1446317.4,461786.84,288215.06,197678.08,90000.51,74921.63,38558.312,15350.016,34329.16,0,15687.2,24384.94,0,0,35251.355,5041.397,28582.852,78376.914,0,26775.148,21026.031,0,18674.63,891551.5,176382.44,701183.6,448789.62,355915.88,293610.2
GEGFMVVTATGDNTFVGR,sp|P05030|PMA1_YEAST,5,1756252.1,1596132.9,2276346,858291.06,514235.94,901728.8,415551.78,203669.19,651567.25,374483.9,204797.6,290630.34,48318.38,6938.617,56090.223,15302.648,51790.633,56302.9,45642.527,12018.815,66923.43,40058.605,0,253364.9,23952.648,14737.087,0,60388.945,16711.475,37361.113,9089.285,15981.5205,35577.832,5742.4126,24469.773,0,29654.549,95425.86,59428.79,78395.65,64574.977,74895.35
HYGDQTFSSSTVK,sp|P05030|PMA1_YEAST,5,7.28E+07,4.34E+07,3.87E+07,5.37E+07,3.00E+07,3.04E+07,3.80E+07,2.11E+07,2.21E+07,1.78E+07,1.31E+07,1.25E+07,9341404,5282014,4505494,3093797,1539953,1462614.6,1668324,840199.9,723239.7,1335038.1,40100.125,778249.4,96908.94,42470.5,14701.371,533128.94,29929.957,19524.26,456711.12,47360.3,70497.65,499013.78,41298.223,15057.162,6605736,3519888,3123963.2,4109973.2,2318467.2,2342451
IVTEDC[+57.0214635]FLQIDQSAITGESLAVDK,sp|P05030|PMA1_YEAST,5,4.49E+07,4.45E+07,6.30E+07,2.44E+07,3.31E+07,3.17E+07,1.58E+07,2.19E+07,2.59E+07,7672107,8651484,1.20E+07,549756.4,2635033.2,2573002.2,88175.336,239570.16,232972.64,25886.176,34654.496,12750.304,13342.332,98511.62,41577.277,974669.9,81447.64,7203.406,989441.4,87693.06,4614.921,18113.145,83762.21,11288.8545,388963.75,72501.9,8726.936,519672,1003216.4,1614102.9,250947.22,731480.7,958329.5
LMNGKPMK,sp|P05030|PMA1_YEAST,5,8664479,6978754,4372960,6611252,4028366.2,2316532.5,3789719.5,2796381.2,1973179.1,1636918,1741962.9,890736.25,543409.9,200932.38,127077.7,70630.93,19881.062,0,51070.06,0,0,0,0,0,0,0,40089.34,0,0,4666.848,0,0,0,20944.664,64573.152,45535.8,415856.47,82149.2,89273.164,171225.27,0,41091.85
RGEGFMVVTATGDNTFVGR,sp|P05030|PMA1_YEAST,4,0,0,0,260783.98,0,0,1299725.9,0,0,1266874.6,0,0,1857092.1,0,0,961330.25,0,0,585834.25,0,0,374067.1,0,0,119344.75,0,0,182093.1,0,0,61175.38,0,0,78707.32,0,0,97330.01,0,0,510279.06,0,0
TLANTAVVIR,sp|P05030|PMA1_YEAST,5,1.51E+08,9.79E+07,1.57E+08,9.89E+07,7.69E+07,1.00E+08,8.04E+07,4.46E+07,7.07E+07,5.23E+07,2.29E+07,5.24E+07,1.75E+07,7595057.5,1.55E+07,4436363,1895930.4,3599465,1487456.2,775983,1444183.6,1098767,0,604202.4,0,0,0,0,0,38528.895,0,0,0,0,0,0,1.04E+07,3790195,1.07E+07,7335377.5,4057277.2,6865386
YGLNQMADEK,sp|P05030|PMA1_YEAST,5,1.92E+07,1.91E+07,1.81E+07,1.47E+07,1.22E+07,1.34E+07,1.01E+07,9007854,8196026.5,6215577.5,5963038.5,5107967.5,2176449.8,1792141.9,1718617.2,384249.62,287731.84,215325.6,47237.215,77118.92,10576.965,12295.523,5147.3193,13158.366,60401.863,158715.27,260450.45,44574.87,4576.0664,162347.31,55683.543,12919.595,237893.03,23715.951,4598.5225,151472.6,1086389.9,1064258.5,996928.44,726562.25,529105.6,489899.47
YGLNQMADEKESLVVK,sp|P05030|PMA1_YEAST,5,398306.34,143315.73,104345.38,161893.12,43147.8,31836.691,51750.285,23461.004,5279.584,17589.545,0,56306.812,11349.485,22822.354,0,5949.751,80438.53,0,7538.8823,0,0,0,0,0,4295.1646,0,0,0,0,0,0,0,0,0,0,0,65747.484,30984.066,20091.729,11923.33,0,1989.6818
ADTGIAVEGATDAAR,sp|P05030|PMA1_YEAST;sp|P19657|PMA2_YEAST,5,1.49E+08,1.19E+08,1.14E+08,9.39E+07,8.36E+07,8.03E+07,7.05E+07,5.97E+07,6.22E+07,3.52E+07,3.51E+07,3.36E+07,1.08E+07,1.34E+07,1.29E+07,2904091,3358847.5,2791011,801072.94,846832.9,821668.44,475273.9,0,351437.66,40155.25,46624.098,54346.06,57692.605,14511.421,56187.363,204218.66,5332.2065,68149.7,26141.727,59756.363,87353.28,6931317,8077210.5,7674336,5149232,4929471.5,5157558
GEGHWEILGVMPC[+57.0214635]MDPPR,sp|P05030|PMA1_YEAST;sp|P19657|PMA2_YEAST,5,7047614,4214108.5,6920051,3262901,4708954,4925711.5,2357120.2,2406634.8,2739770.5,1460528.2,717672.4,1363362,225258.55,215590.84,119386.56,69122.336,4151.848,57364.43,11008.094,26082.883,16573.992,86071.58,5514.9126,16105.253,96379.57,2035.518,44064.023,36199.785,10717.218,40291.957,3697.5874,15390.024,35864.11,0,15196.335,109384.62,132608.34,92423.81,32956.574,80916.195,55761.08,1676.6069
GYLVAMTGDGVNDAPSLK,sp|P05030|PMA1_YEAST;sp|P19657|PMA2_YEAST,5,4.07E+07,2.54E+07,3.18E+07,2.41E+07,2.08E+07,1.81E+07,1.81E+07,1.45E+07,1.55E+07,9065841,5907512.5,8658096,3287487.2,2608205.2,2460445.2,778430.9,561476.1,744604.7,351119.66,60785.547,125514.47,115856.81,13557.438,64210.883,5826.21,10621.338,0,0,17853.344,0,18168.115,10824.894,0,8049.6235,0,0,1781213.6,1079456.5,1338467.6,1473755.6,988964.9,1158666.8
GYLVAMTGDGVNDAPSLKK,sp|P05030|PMA1_YEAST;sp|P19657|PMA2_YEAST,5,4651835.5,4059130,2704941,2289845.8,2413727.2,2262101.8,1949054.8,2044649.8,1351779.5,1187212.9,857465.8,870085.75,463451.97,199732.1,134142.72,191685.23,192325.55,80035.95,144669.42,38851.47,78758.26,138607.22,0,118417.97,24233.023,476.51547,217724.45,38503.207,0,230456.64,48632.91,0,180130.03,32246.879,49509.082,319933.1,272336.28,162191.88,244965,232626.48,208802.81,162551.28
KADTGIAVEGATDAAR,sp|P05030|PMA1_YEAST;sp|P19657|PMA2_YEAST,5,2.46E+07,1.41E+07,1.26E+07,2.01E+07,9698325,8001167.5,1.36E+07,7317917,6903690.5,5448879.5,4979770,3609949.8,3461783.8,1423190,1270427.2,822410.4,127551.53,289211.03,26658.404,40083.457,66140.84,83659.18,0,29241.145,223107.66,0,0,1335.9688,0,0,132197.83,0,0,0,0,0,1888606.4,1213036.9,890582.4,1060430.5,630035.8,649909.06
KQAIVQK,sp|P05030|PMA1_YEAST;sp|P19657|PMA2_YEAST,5,5404180.5,5389204.5,3782474.2,3702696.2,2929561.5,2631082.2,1877201.8,1659529,1602831,1063907.1,732410.4,689604.4,10846.516,51150.848,27481.176,0,2714.8901,0,0,0,0,0,0,0,0,0,0,0,0,0,0,0,0,0,0,0,0,22130.133,20201.535,0,14855.614,19658.375
KVTAVVESPEGER,sp|P05030|PMA1_YEAST;sp|P19657|PMA2_YEAST,5,2.75E+07,1.58E+07,1.50E+07,2.15E+07,1.18E+07,1.07E+07,1.58E+07,7634969,7327837.5,6592042.5,4787200,4459971.5,5057132.5,1747702.9,2007706.4,648754.5,368484.62,320190.12,32871.02,150824.56,122894.766,90872.19,2437.5737,151882.23,25779.367,5391.0337,46068.992,60205.785,2541.1702,15091.9795,74683.79,0,4117.33,88743.484,54051.863,42599.785,2949734.8,1074972.4,1128922.8,971995.5,638860.6,609438.06
LSAIESLAGVEILC[+57.0214635]SDK,sp|P05030|PMA1_YEAST;sp|P19657|PMA2_YEAST,5,1.09E+08,8.46E+07,7.67E+07,6.82E+07,5.63E+07,4.90E+07,4.48E+07,3.97E+07,3.93E+07,2.38E+07,1.93E+07,1.94E+07,6720141.5,5934661,5629090.5,1223353.9,1025221.5,1344854.2,278024.62,201701.94,278936.25,66592.51,45431.6,328544.06,217736.83,38917.156,37239.72,5382.2026,83968.42,50332.707,44663.285,117287.68,6306.04,146334.45,29595.96,54920.34,3768949,3620964.2,4072881.8,3483539,2061044.9,2956168.8
LSLHEPYTVEGVSPDDLMLTAC[+57.0214635]LAASR,sp|P05030|PMA1_YEAST;sp|P19657|PMA2_YEAST,5,4.92E+07,3.27E+07,4.09E+07,2.91E+07,2.74E+07,3.39E+07,2.43E+07,1.80E+07,2.26E+07,1.15E+07,9056010,1.05E+07,2900529.8,2468065,2395887.8,740217.4,348415.78,440165.3,61780.234,38603.094,56584.496,13093.233,21113.598,11129.775,16813.383,4065.53,111170.375,20973.016,99870.18,170983.8,15352.584,1968.2671,104526.16,6337.827,15411.501,149939.08,1741143.5,962473.75,1502172.2,1513245.1,804555.2,1101901.9
MLTGDAVGIAK,sp|P05030|PMA1_YEAST;sp|P19657|PMA2_YEAST,5,8.54E+07,9.67E+07,4.55E+07,5.77E+07,7.54E+07,3.93E+07,2.58E+07,5.31E+07,2.27E+07,1.55E+07,3.03E+07,1.84E+07,4811387.5,1.04E+07,4525438,592718.5,1855564.9,1640240.5,112546.9,150694.25,102386.53,76594.68,48098.44,47749.004,6170.679,100047.266,116290.41,269642.75,19518.934,80577.75,239349.19,53404.95,17780.535,121098.945,18953.059,83395.1,1142835.4,5335856.5,2581940.2,3251961.5,3562644.8,2266740.2
MYSYVVYR,sp|P05030|PMA1_YEAST;sp|P19657|PMA2_YEAST,5,1.16E+07,1.24E+07,1.48E+07,8433509,7489400.5,9070795,5412923.5,6211598,4659119,3045239,3146147.5,3022988.8,661870.25,865349.4,859081.3,141451.53,248902.6,117153.04,104954.54,29718.168,48725.484,8634.255,155954.1,41065.75,1910484.8,1223898.5,46107.953,48816.16,1160164.1,1612281.5,219177.16,927382.3,1831778.5,24741.322,1636384.9,2100892.2,292690.66,519406.7,243122.61,287043.97,457328.6,421308.4
QLGLGTNIYNAER,sp|P05030|PMA1_YEAST;sp|P19657|PMA2_YEAST,5,1.27E+08,1.02E+08,1.04E+08,8.23E+07,7.05E+07,7.04E+07,5.95E+07,5.01E+07,4.03E+07,3.27E+07,3.06E+07,2.34E+07,1.06E+07,9929188,7751449,2977716.2,2000451.4,1880085.6,912032.4,363293.62,451138.8,439038.44,28129.219,289996.72,24616.205,9797.181,12532.923,3388462.8,24944.684,15283.192,4601573,2842.861,5345.2607,2864543.5,36415.86,33861.668,6808750.5,5211607.5,3740849,4826834,4924028,2802638
SAADIVFLAPGLSAIIDALK,sp|P05030|PMA1_YEAST;sp|P19657|PMA2_YEAST,5,1.41E+07,0,0,1.95E+07,0,0,1916587.5,0,0,7609586.5,0,0,144983.77,0,0,90989.07,0,0,152811.33,0,0,8.42E-12,0,0,13237.595,0,0,29338.434,0,0,14621.516,0,0,1.01E-12,0,0,25963.56,0,0,1495317.2,0,0
SVEDFMAAMQR,sp|P05030|PMA1_YEAST;sp|P19657|PMA2_YEAST,5,1.43E+08,1.35E+08,1.22E+08,8.40E+07,9.18E+07,7.57E+07,6.21E+07,6.64E+07,5.22E+07,3.73E+07,2.46E+07,2.15E+07,1.06E+07,1.04E+07,1.06E+07,2394873.2,2399950,2160405.5,619175.9,778183.75,851699.25,184319.67,154765.56,319980.4,23516.682,223329.8,171640.95,30964.883,59664.258,157222.28,90478.27,59488.523,22160.873,177254.3,230120.2,7497.9316,6210435,4758360,5335393,5312166.5,3683248.8,4775329
TVEEDHPIPEDVHENYENK,sp|P05030|PMA1_YEAST;sp|P19657|PMA2_YEAST,5,4.02E+07,2.53E+07,2.92E+07,2.87E+07,1.98E+07,1.93E+07,1.95E+07,1.48E+07,1.48E+07,9824335,8335321.5,8673547,3711012.2,2869002.2,2748786.5,1026291.06,613399.75,717063.56,365241.38,265386.97,256920.73,277233.22,3457.5676,148096.25,112040.71,10104.032,35645.707,80331.21,19366.168,9326.747,111401.586,921.91345,19582.432,125256.625,30595.805,1488.6182,2405422,1819769.1,1496996.5,1276954.1,1184540.5,1281633.8
VLEFHPFDPVSK,sp|P05030|PMA1_YEAST;sp|P19657|PMA2_YEAST,5,7.61E+07,3.35E+07,3.99E+07,5.21E+07,2.20E+07,3.05E+07,3.58E+07,2.05E+07,2.80E+07,2.24E+07,8290226,1.52E+07,1.40E+07,2196109.2,7804152,2325204.5,444427.4,716267.6,1031999.4,281938.03,220329.58,417511.62,29796.889,367616.5,192149.64,24163.69,4062.67,364716,39061.863,26775.176,16290.476,48487.26,46131.54,317918.56,115132.43,33506.28,9098836,1879419.5,2947439.2,4305400.5,2057989.2,1577440.9
VTAVVESPEGER,sp|P05030|PMA1_YEAST;sp|P19657|PMA2_YEAST,5,1.46E+08,1.37E+08,1.22E+08,9.64E+07,9.66E+07,8.80E+07,6.68E+07,6.94E+07,5.58E+07,3.60E+07,3.67E+07,3.11E+07,1.05E+07,1.38E+07,1.12E+07,2507887.5,2959197.8,2854184.2,742285.2,900105.7,708181.06,348438.75,1353732.6,351405.53,34687.89,3728580.2,109552.99,7714.8105,2214306,206605.03,29876.107,1414451.4,179587.22,56314.293,886488.2,208279.42,6472001.5,8353364,6285463,4678863,5353314.5,4904117.5
VVEILQNR,sp|P05030|PMA1_YEAST;sp|P19657|PMA2_YEAST,5,1.57E+08,1.48E+08,1.44E+08,1.31E+08,1.20E+08,1.16E+08,8.64E+07,8.92E+07,6.44E+07,5.36E+07,5.27E+07,5.16E+07,2.24E+07,1.55E+07,1.97E+07,6114214,5005395,5125755,2265804.5,1373017.9,1725769.9,1813168.4,0,1133845.1,19904.852,0,0,0,0,0,166690.89,0,0,0,0,4951.4385,1.12E+07,1.31E+07,1.19E+07,8646670,7479513.5,8904667
